filename,width,height,class,xmin,ymin,xmax,ymax
00001.png,78,70,1.35,1,1,78,69
00002.png,27,74,1.4.5,1,2,27,52
00003.png,27,74,1.4.6,1,1,27,52
00004.png,78,70,1.5,1,1,76,70
00005.png,78,70,1.6,1,1,76,70
00006.png,78,70,1.7,1,1,77,70
00007.png,78,70,1.8,1,1,78,69
00008.png,78,70,1.9,1,1,75,70
00009.png,78,70,1.10,1,1,76,70
00010.png,79,91,1.11.1,1,1,79,70
00011.png,79,91,1.11.2,1,1,78,71
00012.png,78,70,1.1,1,1,77,70
00013.png,79,91,1.12.1,1,1,79,70
00014.png,79,91,1.12.2,1,1,79,69
00015.png,78,70,1.13,1,1,77,70
00016.png,78,70,1.14,1,1,78,69
00017.png,78,70,1.15,1,1,78,69
00018.png,78,70,1.16.1,1,1,78,68
00019.png,78,70,1.16.2,1,1,77,70
00020.png,78,70,1.16.3,1,1,78,69
00021.png,78,70,1.16.4,1,1,78,68
00022.png,78,70,1.17,1,1,77,70
00023.png,78,70,1.2,1,1,78,69
00024.png,79,91,1.18.1,1,1,78,69
00025.png,79,91,1.18.2,1,1,79,70
00026.png,79,91,1.18.3,1,1,79,70
00027.png,79,91,1.18.4,1,1,79,70
00028.png,79,91,1.18.5,1,1,79,70
00029.png,79,91,1.18.6,1,1,79,70
00030.png,79,91,1.19.1,1,1,79,70
00031.png,79,91,1.19.2,1,1,78,70
00032.png,78,70,1.20,2,1,78,69
00033.png,78,70,1.21,1,1,76,70
00034.png,104,70,1.3.1,1,2,104,68
00035.png,78,70,1.22,1,1,77,70
00036.png,78,70,1.23,1,1,76,70
00037.png,78,70,1.24,1,1,76,70
00038.png,78,70,1.25,1,1,78,69
00039.png,78,70,1.26,1,1,76,70
00040.png,78,70,1.27,1,1,77,70
00041.png,78,70,1.28,1,1,77,70
00042.png,78,70,1.29,1,1,78,68
00043.png,78,70,1.30,1,1,78,69
00044.png,120,46,1.31.1,1,1,120,25
00045.png,104,116,1.3.2,1,1,104,115
00046.png,120,46,1.31.2,1,1,119,24
00047.png,120,46,1.31.3,1,1,120,26
00048.png,25,46,1.31.4,1,1,25,24
00049.png,25,46,1.31.5,1,1,25,24
00050.png,78,70,1.32,1,1,77,70
00051.png,78,70,1.33,1,1,77,70
00052.png,78,70,1.34,1,1,78,69
00053.png,27,74,1.4.1,1,1,27,52
00054.png,27,74,1.4.2,1,1,27,51
00055.png,27,74,1.4.3,1,1,27,51
00056.png,27,74,1.4.4,1,1,27,52
00057.jpg,237,213,1.1,159,77,198,110
00057.jpg,237,213,1.4.1,170,111,186,143
00057.jpg,237,213,1.4.2,63,111,70,126
00058.jpg,275,183,1.3.1,49,12,173,92
00058.jpg,275,183,1.2,147,87,210,150
00059.jpg,1024,510,1.16.2,576,221,625,258
00060.jpg,500,281,1.16.2,407,1,496,75
00061.jpg,640,480,1.16.2,242,75,394,207
00062.jpg,730,400,1.16.2,231,105,319,198
00063.jpg,600,517,1.16.2,258,225,347,295
00064.jpg,900,373,1.17,433,50,610,193
00065.png,139,361,1.17,1,5,139,127
00066.jpg,300,168,1.17,116,50,185,112
00067.jpg,270,187,1.17,110,1,154,38
00068.jpg,323,156,1.17,131,41,193,93
00068.jpg,323,156,1.17,255,83,310,126
00069.jpg,800,579,1.2,600,23,690,93
00069.jpg,800,579,1.3.1,565,208,700,286
00070.png,238,212,1.17,17,19,220,197
00071.jpg,900,423,1.18.2,281,7,507,198
00071.jpg,900,423,1.18.2,693,132,736,158
00072.jpg,336,150,1.18.3,95,3,170,63
00073.jpg,194,259,1.18.6,54,63,109,112
00073.jpg,194,259,1.23,56,17,105,60
00074.jpg,185,273,1.23,14,120,127,226
00074.jpg,185,273,1.18.5,8,15,128,119
00075.jpg,397,306,1.23,162,17,241,93
00075.jpg,397,306,1.18.5,162,107,242,176
00076.jpg,185,273,1.18.5,10,14,127,117
00076.jpg,185,273,1.23,9,120,128,228
00077.jpg,325,155,1.18.1,166,6,241,63
00078.jpg,259,194,1.18.2,220,91,240,110
00079.jpg,600,449,1.18.2,494,202,541,251
00080.jpg,203,248,1.2,24,8,136,97
00080.jpg,203,248,1.4.1,54,101,104,195
00081.jpg,306,165,1.18.2,248,28,279,53
00082.jpg,1280,834,1.18.1,12,415,412,771
00082.jpg,1280,834,1.18.2,432,419,844,787
00082.jpg,1280,834,1.18.3,844,419,1252,775
00082.jpg,1280,834,1.18.2,976,131,1060,207
00083.jpg,300,168,1.18.3,2,101,75,165
00083.jpg,300,168,1.18.2,226,103,299,168
00084.jpg,293,172,1.18.1,205,14,273,69
00085.jpg,1000,550,1.18.1,609,10,893,273
00086.jpg,267,189,1.18.3,152,18,234,88
00086.jpg,267,189,1.19.1,77,22,153,89
00087.jpg,275,183,1.18.2,196,11,222,36
00087.jpg,275,183,1.30,194,38,221,60
00088.jpg,275,183,1.18.5,167,53,220,126
00088.jpg,275,183,1.23,137,57,166,108
00089.jpg,302,167,1.18.2,67,43,93,67
00089.jpg,302,167,1.23,66,70,94,95
00090.png,139,361,1.19.1,2,3,139,125
00091.jpg,275,183,1.2,175,59,243,119
00092.jpg,321,157,1.19.1,213,71,254,103
00093.jpg,368,137,1.19.1,327,8,365,42
00094.jpg,800,524,1.19.1,47,128,125,185
00094.jpg,800,524,1.19.1,687,165,755,213
00095.jpg,300,168,1.19.1,180,1,258,44
00096.jpg,282,179,1.19.1,201,42,240,69
00097.jpg,281,179,1.19.1,186,8,217,27
00098.jpg,284,178,1.19.1,197,52,237,87
00098.jpg,284,178,1.31.2,136,86,237,109
00099.jpg,512,327,1.19.1,351,13,393,55
00100.jpg,336,150,1.19.1,282,3,315,28
00101.png,139,361,1.20,3,5,139,126
00102.jpg,470,178,1.2,185,79,213,109
00102.jpg,470,178,1.4.3,185,112,208,133
00103.jpg,328,154,1.20,166,20,216,64
00104.jpg,604,453,1.20,519,127,583,180
00105.jpg,368,137,1.20,330,7,365,38
00106.jpg,296,171,1.20,242,4,291,43
00107.jpg,334,151,1.20,245,12,285,44
00108.jpg,300,168,1.20,111,6,165,54
00109.jpg,278,181,1.20,32,31,89,83
00109.jpg,278,181,1.21,180,35,241,85
00110.jpg,500,120,1.21,270,21,343,91
00110.jpg,500,120,1.20,395,16,481,87
00111.png,225,225,1.20,8,23,218,206
00112.jpg,301,167,1.21,75,19,222,144
00113.jpg,512,342,1.2,140,78,161,97
00114.jpg,296,171,1.21,190,39,291,130
00115.jpg,266,190,1.21,130,6,266,182
00116.jpg,275,183,1.21,76,34,195,135
00117.jpg,900,362,1.21,450,51,521,108
00118.jpg,275,183,1.21,69,1,219,130
00119.jpg,306,165,1.21,83,29,209,138
00120.jpg,194,259,1.21,61,123,129,183
00121.jpg,259,194,1.21,34,77,98,129
00122.jpg,240,210,1.21,54,31,180,145
00123.jpg,301,167,1.22,118,43,175,90
00124.jpg,275,183,1.2,174,7,205,33
00124.jpg,275,183,1.3.1,212,68,244,87
00125.jpg,275,183,1.22,73,40,124,95
00126.jpg,194,259,1.22,81,44,120,84
00127.jpg,194,259,1.22,68,34,98,61
00128.jpg,367,137,1.22,303,6,361,60
00129.jpg,420,233,1.22,290,23,364,85
00130.jpg,300,168,1.22,253,64,300,106
00131.jpg,1024,767,1.22,882,227,995,424
00132.jpg,273,185,1.23,7,3,271,185
00133.jpg,750,498,1.23,79,23,672,464
00134.jpg,275,183,1.23,133,9,269,123
00135.jpg,225,225,1.2,99,11,186,81
00135.jpg,225,225,1.4.1,119,81,157,141
00136.jpg,275,183,1.23,121,13,275,170
00137.jpg,300,168,1.23,1,2,149,167
00137.jpg,300,168,1.23,205,30,252,74
00138.jpg,321,157,1.23,57,13,170,157
00139.jpg,672,448,1.23,314,178,527,355
00140.jpg,251,201,1.23,104,108,152,151
00141.jpg,275,183,1.23,79,56,161,123
00142.jpg,259,194,1.23,30,78,93,127
00143.jpg,318,159,1.23,178,31,242,82
00143.jpg,318,159,1.23,118,79,162,130
00143.jpg,318,159,1.18.5,65,69,86,95
00144.jpg,304,166,1.23,57,54,109,102
00145.jpg,600,400,1.23,219,19,375,141
00146.jpg,275,183,1.2,209,5,240,27
00146.jpg,275,183,1.3.1,245,48,274,68
00147.jpg,275,183,1.23,151,90,259,183
00148.png,139,361,1.24,3,5,136,127
00149.jpg,225,225,1.24,93,25,221,139
00150.jpg,312,161,1.24,129,29,202,82
00150.jpg,312,161,1.24,237,93,296,139
00151.jpg,367,137,1.24,283,24,345,68
00152.jpg,284,177,1.24,209,1,255,28
00153.jpg,318,159,1.24,259,80,275,97
00154.jpg,258,195,1.24,153,24,180,46
00155.jpg,275,183,1.24,217,66,244,86
00156.png,139,361,1.25,2,5,139,126
00157.jpg,800,400,1.2,570,156,627,211
00157.jpg,800,400,1.4.3,575,208,615,268
00158.jpg,281,180,1.25,113,35,176,88
00159.jpg,275,183,1.25,168,19,275,116
00160.jpg,298,169,1.25,181,12,271,109
00161.jpg,318,159,1.25,223,9,266,41
00162.jpg,252,200,1.25,180,42,204,69
00162.jpg,252,200,1.25,54,72,79,92
00162.jpg,252,200,1.11.2,53,28,79,57
00163.jpg,299,168,1.11.2,186,36,206,57
00163.jpg,299,168,1.25,189,70,206,85
00164.jpg,259,194,1.25,134,48,170,82
00165.jpg,367,137,1.26,326,6,360,36
00166.jpg,366,137,1.26,325,56,366,97
00167.jpg,259,194,1.26,56,23,140,97
00168.jpg,800,600,1.3.2,552,251,667,358
00169.jpg,430,584,1.2,202,35,323,157
00170.jpg,193,262,1.26,50,39,118,99
00171.jpg,192,262,1.26,89,103,127,137
00171.jpg,192,262,1.12.1,85,49,128,84
00172.jpg,193,261,1.26,116,58,156,91
00173.jpg,333,500,1.26,71,150,251,303
00174.jpg,300,168,1.26,128,15,279,145
00175.jpg,275,183,1.26,114,32,250,147
00176.jpg,259,194,1.26,29,6,236,179
00177.jpg,626,417,1.26,275,74,558,329
00178.jpg,259,194,1.26,62,39,201,156
00179.jpg,222,185,1.27,171,15,220,61
00180.jpg,470,177,1.5,398,18,458,62
00181.jpg,259,194,1.27,219,22,246,42
00182.jpg,276,183,1.27,182,52,229,92
00183.jpg,275,183,1.27,194,15,237,53
00183.jpg,275,183,1.29,193,55,237,88
00184.jpg,281,179,1.27,120,4,168,46
00185.jpg,640,426,1.27,348,106,428,176
00186.jpg,850,317,1.27,732,27,816,92
00187.jpg,500,190,1.27,350,51,396,93
00188.png,139,361,1.28,3,4,139,126
00189.png,876,644,2.1,172,61,654,533
00190.jpg,1024,576,2.5,818,214,865,257
00191.jpg,865,413,2.5,410,153,448,191
00192.jpg,1280,828,2.5,269,26,930,711
00193.jpg,1024,682,2.5,437,186,533,281
00194.jpg,470,176,2.5,354,5,396,44
00195.jpg,1480,800,2.5,968,76,1208,311
00196.jpg,1480,800,2.5,375,60,1015,731
00197.jpg,294,171,2.5,206,38,246,76
00198.jpg,259,194,2.5,15,51,76,112
00199.jpg,284,177,2.5,201,38,231,70
00200.jpg,236,214,2.5,94,24,136,67
00201.jpg,285,177,2.5,90,9,167,86
00202.jpg,275,183,2.5,47,16,122,91
00203.jpg,318,159,2.5,69,30,99,75
00204.jpg,700,467,2.5,513,84,564,138
00205.jpg,960,720,2.5,564,239,669,342
00205.jpg,960,720,2.5,55,221,284,446
00206.jpg,500,333,2.5,60,31,202,162
00207.jpg,840,571,2.5,56,39,410,416
00208.jpg,850,317,2.5,641,8,719,80
00209.jpg,600,445,2.5,38,46,360,388
00210.jpeg,800,400,2.5,413,104,465,146
00211.jpg,1000,667,2.5,336,33,558,254
00212.jpg,696,445,2.5,438,15,537,107
00213.jpg,775,511,2.5,208,84,334,220
00214.jpg,800,600,2.5,620,166,739,283
00215.png,780,408,2.5,317,82,372,173
00216.jpg,275,183,2.5,112,13,258,152
00217.jpg,262,193,2.5,167,11,243,83
00218.jpg,300,168,2.5,146,43,191,84
00219.jpg,216,233,2.5,34,26,184,199
00220.jpg,960,960,2.6.1,335,33,635,331
00220.jpg,960,960,2.6.2,74,514,386,830
00220.jpg,960,960,2.6.1,596,564,804,767
00221.jpg,600,600,2.6.2,19,17,588,587
00222.jpg,574,430,2.6.1,370,178,391,205
00223.jpg,700,700,2.6.1,185,174,663,651
00224.jpg,285,177,2.6.1,221,70,237,85
00225.jpg,259,194,2.6.1,235,57,254,74
00225.jpg,259,194,2.6.1,1,17,99,117
00225.jpg,259,194,2.6.1,235,126,251,142
00226.jpg,282,179,2.6.1,227,55,254,79
00227.jpg,192,262,2.6.1,26,22,144,137
00228.jpg,259,194,2.6.1,238,76,257,96
00229.jpg,367,137,2.6.1,321,3,360,41
00230.jpg,470,176,2.6.1,393,5,448,59
00231.jpg,1024,640,2.6.1,904,196,984,275
00232.jpg,800,400,2.6.1,588,108,658,170
00233.jpg,259,194,2.6.1,220,64,245,87
00234.jpg,800,455,2.6.1,79,41,477,425
00236.png,971,487,2.7,691,127,775,206
00237.jpg,960,493,2.7,622,1,696,64
00238.jpg,850,317,2.7,751,6,839,94
00239.jpg,850,317,2.7,348,30,509,198
00240.jpg,960,720,2.3.3,565,206,691,322
00241.jpg,1024,768,2.3.2,821,254,918,336
00242.jpg,800,600,2.3.3,610,179,738,291
00243.jpg,1000,750,2.3.2,530,102,630,199
00244.jpg,974,384,2.3.3,778,157,823,201
00245.jpg,364,138,2.3.2,158,25,230,90
00246.jpg,225,225,2.3.2,64,87,160,172
00247.jpg,259,194,2.3.2,117,62,157,99
00248.jpg,368,137,2.3.3,330,3,367,33
00249.jpg,470,176,2.3.3,267,57,286,74
00250.jpg,850,317,2.3.3,692,34,762,90
00251.jpg,512,341,2.3.2,381,151,407,174
00252.jpg,512,288,2.3.2,327,184,345,202
00253.jpg,600,600,2.3.2,31,74,568,541
00254.jpeg,800,400,2.3.2,610,170,670,218
00255.jpeg,800,400,2.3.3,534,172,581,210
00256.jpg,650,417,2.3.2,544,115,585,157
00257.jpg,430,584,2.3.2,186,61,311,191
00258.jpg,1280,653,2.3.4,730,334,798,386
00259.png,454,374,2.3.4,400,200,454,252
00260.jpg,1024,768,2.3.4,681,156,960,403
00261.jpg,600,430,2.1,352,1,459,106
00261.jpg,600,430,2.1,249,201,292,239
00261.jpg,600,430,2.1,222,241,246,264
00262.png,1345,504,2.3.4,1204,25,1340,149
00263.jpg,1024,680,2.3.4,640,19,951,277
00264.jpg,500,250,2.3.4,313,46,390,113
00265.jpg,259,194,2.3.4,232,59,256,81
00265.jpg,259,194,2.3.4,9,11,57,54
00266.jpg,259,194,2.3.4,214,44,256,90
00267.jpg,287,176,2.3.4,144,1,160,14
00268.jpg,225,225,2.3.4,159,10,219,63
00269.jpg,470,176,2.3.4,418,9,465,50
00270.jpg,1024,767,2.3.4,13,111,565,605
00270.jpg,1024,767,2.3.4,918,226,972,268
00271.jpg,850,317,2.3.4,763,13,846,89
00272.jpg,850,318,2.3.4,749,10,836,83
00273.jpg,450,220,2.3.4,393,10,450,54
00274.jpg,800,400,2.3.4,515,2,658,121
00275.jpg,260,194,2.3.4,66,11,202,129
00276.jpg,196,257,2.3.4,83,200,114,236
00276.jpg,196,257,2.3.4,144,138,169,171
00277.jpg,600,412,2.4,465,42,545,108
00278.jpg,650,352,2.4,226,63,426,241
00279.jpg,1200,750,2.4,576,135,808,336
00280.jpg,600,358,2.4,174,49,438,293
00281.jpg,264,191,2.4,92,44,168,121
00282.jpg,259,194,2.4,116,70,147,96
00283.jpg,275,183,2.4,135,47,243,136
00284.jpg,243,208,2.4,70,72,170,165
00285.jpg,284,177,2.4,89,14,191,119
00286.jpg,410,612,2.4,100,74,278,268
00287.jpg,640,426,2.4,323,44,478,183
00288.jpg,1920,1280,2.4,891,595,1074,741
00289.jpg,1920,1142,2.4,442,286,665,515
00290.jpg,1024,767,2.4,863,293,969,385
00291.png,180,161,2.4,13,12,168,150
00292.jpg,512,344,2.4,324,30,381,76
00293.jpg,626,417,2.4,125,114,373,359
00294.jpg,800,533,2.4,288,101,464,263
00295.jpeg,800,400,2.4,439,70,483,121
00296.jpg,1920,790,2.4,682,242,1134,628
00297.jpg,600,477,2.4,410,49,518,159
00298.jpg,259,194,2.4,141,67,163,83
00299.jpg,1066,1689,2.4,249,866,511,1127
00300.jpg,1600,1156,2.4,411,346,847,719
00301.jpg,1000,663,2.1,542,152,734,336
00301.jpg,1000,663,2.1,555,284,630,345
00301.jpg,1000,663,2.1,487,303,537,346
00301.jpg,1000,663,2.1,424,306,455,337
00302.jpg,1280,850,2.1,900,8,1271,357
00302.jpg,1280,850,2.1,563,514,642,578
00303.png,70,70,2.1,1,1,70,68
00304.png,70,70,2.1,1,1,68,70
00304.png,70,70,2.2,1,1,70,68
00305.png,78,70,2.3.1,1,1,78,69
00306.png,78,91,2.3.2,1,1,78,69
00307.png,78,91,2.3.3,1,1,78,69
00308.png,78,70,2.3.4,1,1,78,69
00309.jpg,800,450,2.1,509,86,620,184
00310.png,78,70,2.4,1,1,76,70
00311.png,70,70,2.5,1,1,69,70
00312.png,70,91,2.6.1,1,1,70,72
00313.png,70,91,2.6.2,1,1,70,71
00314.png,70,70,2.7,1,1,68,70
00315.jpg,300,200,2.1,59,15,240,191
00316.jpg,372,316,2.1,153,37,259,152
00317.png,561,263,2.1,391,46,479,128
00317.png,561,263,2.1,208,93,222,106
00318.jpg,338,500,2.1,104,71,231,193
00319.jpg,650,352,2.1,410,2,542,117
00320.jpg,650,328,2.1,399,21,555,160
00321.jpg,1280,878,2.1,755,78,1184,457
00321.jpg,1280,878,2.1,186,34,375,215
00322.jpg,747,745,2.1,295,26,527,238
00323.jpg,1280,720,2.1,409,61,886,545
00324.jpg,600,365,2.1,515,117,571,170
00325.jpg,470,350,2.1,155,119,195,164
00326.jpg,165,243,2.1,22,21,139,122
00327.jpg,270,187,2.1,148,16,234,104
00328.jpg,276,183,2.1,194,1,274,79
00329.jpg,281,179,2.1,95,8,169,82
00330.jpg,300,168,2.1,75,13,215,163
00331.jpg,259,194,2.1,107,43,138,72
00332.jpg,193,262,2.1,36,21,139,100
00333.jpg,291,173,2.1,86,21,216,145
00334.jpg,640,360,2.1,426,80,462,113
00335.jpg,900,600,2.1,570,106,635,167
00336.jpg,548,386,2.1,406,57,452,97
00337.jpg,840,545,2.1,529,89,669,229
00338.jpg,850,317,2.1,691,11,806,118
00339.jpg,512,384,2.1,242,103,295,148
00340.jpg,480,304,2.1,373,73,419,113
00341.jpg,1280,720,2.1,138,45,380,293
00341.jpg,1280,720,2.1,663,332,723,388
00342.png,574,330,2.2,191,53,389,255
00343.jpg,800,450,2.2,504,40,552,78
00344.jpg,660,430,2.2,559,36,627,111
00345.jpg,600,500,2.2,92,35,510,465
00346.png,616,354,2.2,254,84,394,211
00346.png,616,354,2.2,435,183,481,221
00347.png,720,363,2.2,462,169,520,225
00347.png,720,363,2.2,631,8,709,87
00348.jpg,865,540,2.2,569,14,714,149
00349.jpg,1024,768,2.2,698,274,803,372
00349.jpg,1024,768,2.5,469,322,506,357
00350.jpg,300,168,2.2,127,16,167,58
00350.jpg,300,168,2.5,65,94,104,130
00350.jpg,300,168,2.1,63,17,105,57
00350.jpg,300,168,2.4,200,21,242,57
00350.jpg,300,168,2.3.1,128,91,171,129
00350.jpg,300,168,2.3.2,201,91,245,129
00351.jpg,257,155,2.2,158,33,179,53
00351.jpg,257,155,2.4,156,15,175,31
00352.jpg,400,200,2.2,328,20,368,57
00352.jpg,400,200,2.4,332,59,364,88
00353.png,569,508,2.2,59,31,512,483
00354.jpg,1024,767,2.2,581,97,839,325
00354.jpg,1024,767,2.2,19,29,350,388
00354.jpg,1024,767,2.5,595,329,803,518
00355.jpg,500,188,2.2,342,1,404,60
00355.jpg,500,188,2.4,349,61,400,104
00356.jpeg,800,400,2.2,677,34,775,116
00356.jpeg,800,400,2.4,683,115,767,186
00357.jpg,259,194,2.2,115,37,147,70
00357.jpg,259,194,2.4,115,70,145,97
00358.png,139,361,2.2,3,4,139,143
00359.jpg,800,600,2.3.1,2,56,359,370
00360.jpg,1500,1000,2.3.1,878,2,1352,409
00361.jpg,800,600,2.3.1,52,136,314,360
00362.jpg,715,400,2.3.1,175,195,376,338
00363.jpg,800,600,2.3.1,534,185,684,317
00364.png,1345,504,2.3.1,1182,57,1316,161
00365.jpg,485,310,2.3.1,413,92,481,154
00366.jpg,278,181,2.3.1,241,84,258,98
00367.jpg,318,159,2.3.1,225,29,266,66
00368.jpg,328,153,2.3.1,281,52,317,84
00369.jpg,800,379,2.3.1,641,73,678,109
00370.jpg,470,176,2.3.1,423,31,465,69
00371.jpg,1024,767,2.3.1,353,243,674,523
00372.jpg,1024,767,2.3.1,812,247,983,415
00373.jpg,850,317,2.3.1,751,31,832,100
00374.jpg,512,351,2.3.1,333,140,363,165
00375.jpg,450,220,2.3.1,354,2,445,76
00376.jpg,800,400,2.3.1,590,171,623,202
00377.jpg,800,471,2.3.1,482,50,651,194
00378.jpg,650,351,3.19,197,41,291,179
00379.jpg,600,400,3.20.1,159,69,438,325
00380.jpg,470,238,5.6,343,63,382,98
00381.jpg,470,215,4.1.3,338,34,389,77
00382.png,872,605,3.28,351,84,490,210
00383.jpg,470,303,5.6,191,75,252,159
00384.jpg,470,215,5.7.2,364,32,437,58
00385.jpg,470,263,4.1.1,351,80,401,130
00386.jpg,470,176,3.9,412,1,466,51
00387.jpg,470,174,3.10,418,6,464,53
00388.jpg,470,257,3.10,112,88,146,121
00388.jpg,470,257,3.10,275,86,311,120
00389.jpg,470,175,3.18.1,414,77,454,120
00390.jpg,470,175,3.18.2,412,75,454,120
00391.jpg,470,174,3.19,397,5,446,52
00392.jpg,470,271,3.19,339,75,389,123
00393.jpg,470,173,3.19,184,19,221,54
00394.jpg,470,174,3.19,264,38,293,64
00395.jpg,470,270,3.20.1,400,80,447,124
00396.jpg,470,172,3.24.1,414,5,464,53
00397.jpg,470,278,3.24.1,351,3,416,67
00398.jpg,470,265,3.24.1,357,59,405,107
00399.jpg,470,313,3.24.1,375,62,432,110
00400.jpg,470,266,3.28,350,17,414,79
00401.jpg,470,244,4.5.1,329,28,409,104
00402.jpg,470,241,4.6.1,140,13,178,53
00403.jpg,470,256,5.7.1,383,2,450,26
00404.jpg,470,313,4.5.1,323,1,409,79
00405.jpg,470,176,5.6,357,3,402,47
00406.jpeg,1000,665,3.27,566,59,667,162
00407.jpg,470,271,4.5.1,323,14,366,55
00408.jpg,470,185,4.1.1,323,56,359,91
00409.png,1345,504,3.20.1,1148,11,1270,137
00410.jpg,846,480,3.24.1,204,1,500,267
00410.jpg,846,480,3.24.1,538,1,814,259
00411.jpg,1280,721,4.6.1,748,211,830,288
00412.jpg,600,364,3.2,435,22,542,130
00413.jpg,600,225,4.1.1,505,13,582,88
00414.jpg,500,188,3.24.1,396,1,465,60
00415.jpg,1280,719,3.24.1,761,27,955,216
00416.jpg,1000,541,3.28,176,1,587,420
00417.jpg,281,428,5.12.1,52,11,145,151
00418.jpg,1023,682,3.24.1,180,40,858,626
00419.jpg,600,480,5.16.2,411,80,491,157
00420.jpg,630,240,3.24.1,304,5,494,203
00421.jpg,1280,696,4.2.1,863,47,1109,282
00422.jpg,400,533,4.3,93,337,253,479
00423.jpg,400,300,3.27,140,20,297,164
00424.jpg,767,566,3.20.1,432,47,666,262
00425.jpg,400,266,3.10,150,79,231,152
00426.jpg,1280,960,3.9,388,110,569,287
00427.jpg,1200,800,4.2.1,480,167,792,493
00428.jpg,1200,800,4.2.1,589,95,771,274
00428.jpg,1200,800,3.1,417,99,590,276
00429.jpg,540,203,4.1.2,444,22,500,79
00430.jpg,800,300,4.2.2,375,149,416,193
00431.jpg,604,225,3.24.1,440,16,506,80
00432.jpg,229,229,3.27,64,41,134,107
00433.jpg,732,800,3.19,142,74,575,516
00434.jpg,900,506,3.9,429,93,715,373
00435.jpg,750,1000,4.5.1,135,151,270,294
00436.jpg,800,600,4.6.1,372,196,442,264
00437.jpeg,1359,769,3.2,926,146,1179,393
00438.jpg,1193,671,3.2,721,184,1111,571
00438.jpg,1193,671,3.1,68,55,652,552
00439.jpg,524,665,5.15,151,140,375,347
00440.jpg,1200,675,3.28,428,77,767,455
00441.jpg,382,255,3.28,187,3,350,160
00442.jpg,1875,1200,3.28,362,3,1156,620
00443.jpg,1800,1200,3.28,713,153,1437,707
00444.jpg,800,600,3.18.2,547,201,594,251
00444.jpg,800,600,3.18.2,433,207,454,227
00444.jpg,800,600,5.16.2,591,246,626,278
00445.jpg,800,600,3.18.1,598,37,679,121
00446.jpg,600,600,4.1.3,277,5,467,209
00447.jpg,1280,721,4.6.1,882,151,996,267
00448.jpg,600,468,3.2,459,71,546,156
00449.jpg,925,550,4.2.1,580,223,701,364
00450.jpg,740,400,3.2,388,133,492,238
00451.jpg,800,600,4.3,344,209,438,300
00452.jpg,800,600,3.18.2,633,88,770,208
00453.jpg,640,360,4.3,407,89,494,172
00454.jpg,967,682,5.15,559,7,723,281
00455.jpg,300,225,4.6.1,18,34,68,82
00456.jpg,826,513,4.6.1,62,80,160,176
00457.jpg,527,379,3.27,314,21,379,82
00458.jpg,600,402,4.1.1,374,20,454,96
00459.png,400,284,4.2.2,213,47,393,231
00460.jpg,900,600,4.3,731,160,830,256
00461.jpg,720,540,4.5.2,50,20,270,238
00462.jpg,604,403,3.27,334,59,593,345
00463.jpg,1024,768,5.16.2,587,383,704,538
00463.jpg,1024,768,5.16.1,381,33,434,97
00464.jpg,1024,633,5.7.1,827,47,971,107
00465.jpg,640,480,3.20.1,506,108,587,182
00466.jpg,800,600,3.20.1,632,114,723,214
00466.jpg,800,600,3.24.1,632,216,725,315
00467.jpg,800,513,3.28,294,127,677,513
00468.jpg,650,351,3.2,171,22,243,80
00469.jpg,275,183,3.1,95,12,163,70
00470.png,70,70,3.10,1,1,69,70
00471.png,70,70,3.18.1,1,1,68,70
00472.png,70,70,3.18.2,1,1,70,69
00473.png,70,70,3.19,2,1,70,68
00474.jpg,470,230,3.2,343,43,393,89
00475.png,70,70,3.2,1,1,70,68
00476.png,70,91,3.20.1,1,1,70,71
00477.jpg,800,450,3.18.1,461,69,501,107
00477.jpg,800,450,5.16.2,500,228,540,265
00478.jpg,800,448,5.16.2,635,94,690,149
00478.jpg,800,448,3.18.2,608,11,659,65
00479.png,70,91,3.24.1,1,1,69,70
00480.jpg,800,450,3.19,665,34,725,81
00481.png,70,70,3.27,1,1,70,69
00482.png,70,70,3.28,2,1,69,70
00483.jpg,800,597,3.24.1,669,119,761,211
00484.jpg,470,230,3.3,356,83,400,125
00485.png,70,70,3.3,1,1,70,69
00486.jpg,800,450,3.9,638,119,719,190
00487.png,70,70,3.9,1,1,67,70
00488.jpg,1200,800,3.1,551,233,623,335
00488.jpg,1200,800,4.2.1,630,236,715,329
00489.jpg,885,498,3.2,404,159,484,243
00490.jpg,820,566,3.1,256,13,518,339
00491.jpg,618,411,3.2,419,50,524,145
00492.jpg,300,200,3.28,135,41,236,141
00493.jpg,640,425,3.20.1,151,138,287,276
00494.png,70,70,4.1.1,1,1,70,69
00495.png,70,70,4.1.2,1,1,69,70
00496.png,70,70,4.1.3,1,1,70,69
00497.png,70,70,4.1.4,1,1,69,70
00498.jpg,470,175,4.1.4,421,51,456,86
00499.png,70,70,4.1.5,1,1,69,70
00500.jpg,800,450,4.1.1,371,15,422,63
00501.png,70,70,4.2.1,1,1,69,70
00502.jpg,1024,764,4.2.1,546,61,684,199
00503.png,70,70,4.2.2,1,1,68,70
00504.jpg,640,427,4.2.2,424,92,494,157
00504.jpg,640,427,5.15,327,104,349,126
00504.jpg,640,427,5.16.1,118,71,144,95
00505.jpg,800,450,4.1.2,565,9,666,102
00505.jpg,800,450,5.16.2,266,194,286,214
00505.jpg,800,450,3.1,181,168,198,183
00506.jpg,800,450,4.1.3,572,2,654,83
00506.jpg,800,450,5.16.2,619,91,710,176
00507.png,70,70,4.5.1,1,1,69,70
00508.png,70,70,4.5.2,1,1,67,70
00509.png,70,70,4.6.1,1,1,70,69
00510.png,199,515,4.6.2,2,5,199,204
00511.png,70,70,4.6.2,1,1,68,70
00512.jpg,500,500,4.6.2,29,35,464,464
00513.jpg,500,500,4.6.2,28,33,462,466
00514.jpg,400,300,4.3,145,66,347,261
00515.jpg,600,568,3.27,33,6,176,144
00516.jpg,470,351,4.2.1,147,11,312,170
00517.jpg,618,350,5.16.2,360,78,524,253
00518.jpg,1000,750,4.5.2,582,129,742,290
00519.jpg,995,550,4.3,623,246,849,488
00520.png,70,70,5.11.1,1,1,70,69
00521.png,70,103,5.12.1,1,1,70,102
00522.png,70,70,5.15,1,1,69,70
00523.png,70,91,5.16.1,1,1,69,69
00524.png,70,91,5.16.2,1,1,69,69
00525.jpg,800,450,5.5,488,37,529,75
00525.jpg,800,450,5.16.2,588,202,633,245
00526.jpg,800,450,5.6,403,60,439,97
00527.jpg,800,450,5.7.1,554,91,654,119
00528.jpg,800,450,5.7.2,511,47,625,84
00528.jpg,800,450,5.16.2,565,182,646,258
00529.jpg,700,394,3.24.1,495,2,586,89
00530.jpg,315,500,4.1.2,98,237,228,363
00531.jpg,500,318,4.1.3,290,56,357,118
00531.jpg,500,318,3.19,289,119,357,180
00532.jpg,500,332,3.10,309,21,434,139
00532.jpg,500,332,4.5.1,311,148,439,274
00533.jpg,500,333,4.5.1,225,153,365,286
00533.jpg,500,333,3.10,222,21,355,151
00534.jpg,500,366,5.16.1,311,62,377,124
00535.jpg,500,300,5.7.1,336,43,440,77
00535.jpg,500,300,5.5,155,81,194,118
00536.jpg,500,300,5.5,337,1,420,79
00537.jpg,1150,864,3.9,711,235,930,448
00538.jpg,670,568,3.24.1,285,393,448,557
00538.jpg,670,568,3.20.1,283,212,453,371
00539.jpg,670,449,3.24.1,326,5,455,125
00539.jpg,670,449,3.2,330,156,459,279
00540.jpg,600,400,5.15,323,8,514,192
00540.jpg,600,400,5.15,197,202,287,290
00541.jpg,1280,805,5.15,698,14,1188,491
00542.jpg,650,352,3.19,437,215,572,338
00542.jpg,650,352,3.27,253,175,293,209
00543.jpg,650,352,3.2,362,1,525,151
00544.jpg,650,352,3.20.1,45,2,364,288
00545.jpg,650,352,4.1.1,278,43,484,247
00546.jpg,650,352,4.6.1,127,1,299,135
00547.jpg,650,352,3.18.2,178,16,508,349
00548.jpg,650,352,3.28,190,14,339,151
00549.jpg,650,352,3.3,443,56,509,116
00550.jpg,650,434,3.20.1,443,3,637,186
00551.jpg,650,376,3.2,194,23,465,299
00552.png,600,346,3.24.1,75,58,227,209
00553.jpg,1280,750,3.24.1,548,93,850,432
00554.jpg,1200,605,4.1.1,748,199,826,278
00555.jpg,612,612,4.6.1,133,108,424,391
00556.jpg,1400,1540,3.24.1,708,218,1091,598
00557.jpg,720,480,4.1.2,150,72,587,402
00558.jpg,650,433,5.15,279,20,343,91
00558.jpg,650,433,5.15,530,16,597,82
00558.jpg,650,433,5.15,48,13,114,78
00559.jpg,1000,666,3.24.1,448,72,882,497
00560.jpg,800,500,3.27,291,88,547,349
00561.jpg,310,203,3.27,77,15,190,136
00562.jpg,780,1040,5.12.1,171,118,616,727
00563.jpg,1224,756,4.1.2,875,318,922,360
00564.jpg,600,450,4.2.1,484,153,522,193
00564.jpg,600,450,5.16.1,471,47,508,82
00564.jpg,600,450,5.16.1,393,187,413,206
00565.jpg,557,363,3.18.1,40,24,360,347
00566.jpg,1024,769,5.5,354,289,490,460
00567.jpg,1200,800,5.12.1,132,52,533,609
00568.jpg,740,376,3.2,217,67,509,322
00569.jpg,740,376,3.2,221,79,520,326
00570.jpg,900,601,3.24.1,606,182,771,346
00571.jpg,350,262,5.16.1,161,8,339,190
00572.jpg,864,576,3.9,491,170,684,363
00573.jpg,1150,864,3.9,743,30,1074,389
00574.jpg,690,292,4.1.4,469,93,543,163
00575.jpg,1100,733,3.27,330,29,628,385
00576.jpg,824,453,4.3,610,217,643,245
00577.jpg,1024,768,3.24.1,742,347,787,389
00578.jpg,1024,768,3.24.1,672,453,737,515
00579.jpg,1024,768,3.24.1,613,398,662,445
00579.jpg,1024,768,3.3,780,271,875,359
00580.jpg,1024,768,4.1.1,765,166,850,244
00581.jpg,1024,768,4.1.3,834,92,948,203
00581.jpg,1024,768,3.1,651,335,698,382
00582.jpg,1024,768,4.1.4,786,163,883,260
00583.jpg,1024,768,4.1.5,765,241,846,325
00584.jpg,1024,768,4.2.1,286,266,412,394
00584.jpg,1024,768,5.16.1,480,206,565,298
00585.jpg,1024,768,4.2.2,809,341,963,500
00586.jpg,1024,768,5.5,765,328,842,403
00586.jpg,1024,768,3.27,762,250,842,324
00587.jpg,800,600,5.6,638,91,745,200
00588.jpg,1024,768,5.7.1,686,235,839,285
00589.jpg,700,465,5.12.1,460,47,526,153
00589.jpg,700,465,5.16.2,246,197,267,219
00590.jpg,200,154,5.12.1,95,25,155,112
00591.jpg,650,351,3.1,320,44,461,187
00592.jpg,550,412,3.27,308,139,399,232
00593.jpg,800,600,3.3,509,35,560,89
00594.jpg,600,400,4.3,401,153,547,277
00595.jpg,769,440,5.16.1,316,149,473,320
00596.jpg,650,351,3.1,269,35,383,142
00597.jpg,1159,479,4.6.1,255,69,438,238
00598.jpg,720,1280,5.16.1,253,484,720,979
00599.jpg,740,389,5.12.1,340,11,601,358
00600.jpg,650,351,3.27,395,3,496,85
00601.jpg,599,462,3.28,86,12,514,428
00602.jpg,900,675,3.2,729,127,809,202
00603.jpg,800,563,3.20.1,259,25,744,535
00604.jpg,700,525,3.24.1,71,107,215,237
00605.jpg,504,332,3.27,106,46,343,287
00606.jpg,768,1024,3.24.1,154,517,624,980
00607.jpg,600,400,4.5.2,186,74,422,302
00608.jpg,600,600,5.16.2,138,27,525,524
00609.jpg,874,582,3.24.1,343,165,717,520
00610.jpg,1024,768,4.6.2,206,86,356,228
00611.jpg,600,390,5.6,532,159,567,192
00612.jpg,600,390,5.6,516,122,562,169
00612.jpg,600,390,3.1,396,233,409,247
00613.jpg,455,502,4.2.1,28,63,417,458
00614.jpg,574,430,4.2.1,204,163,317,273
00614.jpg,574,430,3.1,74,161,185,272
00615.jpg,575,429,4.2.2,323,121,423,221
00615.jpg,575,429,4.2.2,105,85,211,186
00616.jpg,439,571,4.1.1,178,200,245,260
00617.jpg,430,584,4.1.1,79,25,298,249
00617.jpg,430,584,5.6,83,249,311,492
00618.jpg,573,430,4.1.2,269,130,374,257
00618.jpg,573,430,5.5,200,168,298,303
00619.jpg,470,250,5.7.1,222,24,274,40
00619.jpg,470,250,5.15,319,52,334,72
00620.jpg,430,583,5.6,161,228,246,318
00620.jpg,430,583,5.16.2,160,343,250,437
00620.jpg,430,583,4.1.2,160,141,244,223
00621.jpg,470,245,4.5.1,278,30,312,62
00622.jpg,488,508,5.7.2,72,93,361,191
00623.jpg,430,584,3.24.1,73,61,241,229
00624.jpg,512,476,4.2.1,207,122,298,202
00625.jpg,444,564,4.5.2,76,96,330,335
00626.jpg,573,430,3.19,229,130,353,258
00627.jpg,430,584,4.6.1,74,145,319,364
00628.jpg,574,430,3.28,202,74,391,229
00629.jpg,500,500,3.28,74,83,445,442
00630.jpg,500,358,3.27,377,11,451,86
00630.jpg,500,358,5.12.1,393,94,459,193
00631.jpg,500,356,5.16.2,253,234,336,318
00631.jpg,500,356,3.27,202,80,275,147
00632.jpg,600,400,4.5.1,243,100,280,137
00633.jpg,686,458,3.24.1,551,157,604,205
00634.jpg,750,371,3.9,216,112,258,153
00635.jpg,640,480,5.12.1,415,32,494,158
00636.jpg,640,480,4.6.1,550,76,610,131
00637.jpg,640,480,5.16.2,551,57,615,118
00638.jpg,700,525,4.6.1,473,26,568,114
00639.jpg,600,400,4.1.2,355,27,474,140
00640.png,1166,615,4.1.3,745,196,929,398
00640.png,1166,615,5.16.1,486,158,526,199
00640.png,1166,615,5.16.1,307,318,346,358
00640.png,1166,615,5.16.2,1029,148,1074,189
00641.png,1166,615,5.16.2,1031,148,1072,187
00641.png,1166,615,5.16.1,486,160,526,196
00641.png,1166,615,5.16.1,308,322,345,356
00641.png,1166,615,4.1.3,748,196,927,393
00642.jpg,850,480,3.20.1,608,87,758,223
00643.jpg,650,351,4.6.1,300,44,355,108
00644.jpg,740,493,3.27,576,15,676,110
00644.jpg,740,493,5.16.2,351,211,393,251
00645.jpg,1536,2048,3.24.1,679,962,870,1159
00646.jpg,1280,720,4.3,553,232,813,480
00647.jpg,1480,800,3.18.2,519,7,1364,799
00648.jpg,1480,800,3.27,782,31,997,211
00649.jpg,1480,800,4.3,575,129,1275,787
00650.jpg,1480,800,4.1.1,877,267,1259,627
00651.jpg,900,347,3.18.2,807,7,885,78
00652.jpeg,1200,800,5.6,906,190,1023,299
00653.jpeg,1200,800,3.18.1,808,77,953,213
00653.jpeg,1200,800,3.27,973,226,1048,306
00654.jpg,450,401,3.19,202,208,241,249
00655.jpg,340,227,4.3,212,95,263,138
00656.jpg,700,434,5.7.2,506,110,597,143
00657.jpg,1440,960,5.16.2,1032,57,1189,211
00658.jpg,480,360,3.27,195,22,454,255
00659.jpg,480,360,3.2,177,81,293,214
00660.jpg,640,480,3.24.1,127,172,189,258
00661.jpg,800,479,3.27,507,52,627,172
00661.jpg,800,479,5.15,398,302,477,396
00662.jpg,500,175,4.1.1,234,37,270,75
00662.jpg,500,175,5.11.1,360,1,404,43
00663.jpg,836,293,4.1.1,726,16,816,107
00664.jpg,275,183,3.1,145,23,212,89
00665.jpg,275,183,3.3,79,5,191,112
00666.jpg,370,136,3.9,279,2,312,30
00667.jpg,300,168,3.9,113,17,238,140
00668.jpg,260,194,3.10,161,16,224,77
00668.jpg,260,194,4.5.1,161,80,224,141
00669.jpg,282,179,3.10,128,26,184,77
00670.jpg,275,183,3.10,99,12,173,70
00671.jpg,259,194,3.10,109,40,129,62
00672.jpg,366,137,3.18.2,202,1,236,31
00672.jpg,366,137,3.18.1,241,1,275,29
00672.jpg,366,137,3.19,159,1,197,31
00673.jpg,183,276,3.18.2,24,25,165,165
00674.jpg,300,168,3.18.2,102,1,293,168
00675.jpg,275,183,3.1,111,39,166,93
00676.jpg,334,151,3.18.2,306,23,334,52
00677.jpg,299,168,3.20.1,56,14,141,96
00678.jpg,275,183,3.20.1,93,39,164,122
00679.jpg,300,168,3.20.1,259,14,300,56
00680.jpg,265,190,3.20.1,183,18,222,57
00681.jpg,300,168,3.24.1,227,21,263,58
00681.jpg,300,168,3.24.1,125,53,139,65
00682.jpg,275,183,3.24.1,186,21,206,40
00683.jpg,272,185,3.24.1,226,45,261,81
00684.jpg,257,196,3.24.1,186,45,243,104
00684.jpg,257,196,3.24.1,126,48,182,106
00685.jpg,276,183,3.24.1,186,40,224,79
00686.jpg,288,175,3.2,209,12,257,62
00687.jpg,278,181,3.27,80,1,208,113
00688.jpg,275,183,3.27,132,6,215,99
00689.jpg,264,191,3.27,103,81,131,112
00690.jpg,275,183,3.27,153,54,175,76
00691.jpg,168,299,3.27,95,68,130,104
00692.jpg,298,169,3.27,71,2,184,107
00693.jpg,291,173,3.27,143,43,191,95
00694.jpg,302,167,3.27,46,3,195,153
00695.jpg,275,183,3.27,85,17,212,158
00696.jpg,275,183,3.1,208,25,238,53
00696.jpg,275,183,5.16.2,209,55,236,83
00697.jpg,279,181,3.28,148,8,217,78
00698.jpg,282,179,3.28,118,12,167,67
00699.jpg,275,183,3.28,114,24,201,111
00700.jpg,275,183,3.28,165,61,217,110
00700.jpg,275,183,4.1.1,165,11,216,59
00701.jpg,183,275,4.1.1,50,28,152,130
00702.jpg,273,185,4.1.2,168,18,228,84
00703.jpg,225,225,4.1.2,143,69,182,113
00704.jpg,225,225,4.1.4,120,102,200,177
00705.jpg,284,177,4.1.4,205,49,217,63
00706.jpg,259,194,4.1.2,208,64,230,84
00706.jpg,259,194,5.16.2,210,87,229,105
00707.jpg,274,184,3.2,201,16,266,80
00708.jpg,260,194,4.1.2,115,64,146,93
00709.jpg,225,225,4.1.3,81,63,100,87
00710.jpg,225,224,4.2.1,64,12,160,109
00710.jpg,225,224,3.1,63,115,163,214
00711.jpg,299,168,4.2.2,123,81,166,123
00711.jpg,299,168,3.24.1,168,83,211,128
00712.jpg,178,283,4.2.1,17,6,162,152
00713.jpg,243,208,4.2.2,19,3,224,199
00714.jpg,278,182,4.2.1,171,3,262,88
00715.jpg,295,171,4.3,141,7,176,40
00716.jpg,263,192,4.3,203,58,227,84
00717.jpg,275,183,4.5.1,47,19,141,107
00718.jpg,280,180,3.2,104,9,223,120
00719.jpg,275,183,4.5.1,155,13,211,65
00720.jpg,267,189,4.5.2,103,49,164,105
00721.jpg,275,183,4.6.1,67,31,105,70
00722.jpg,204,248,4.6.1,72,38,110,75
00723.jpg,193,261,5.6,42,55,163,175
00724.jpg,275,183,5.6,154,82,216,140
00724.jpg,275,183,4.3,189,13,248,72
00725.jpg,275,183,5.5,152,12,185,46
00726.jpg,291,173,5.12.1,106,5,188,120
00727.jpg,232,217,3.2,132,48,200,121
00728.jpg,194,259,5.12.1,121,34,156,84
00729.jpg,275,183,5.12.1,90,29,194,174
00730.jpg,259,194,5.16.1,102,52,119,68
00731.jpg,293,172,5.15,165,40,199,79
00731.jpg,293,172,5.5,169,1,202,37
00732.jpg,259,194,5.16.1,102,20,146,64
00733.jpg,259,194,5.16.1,77,46,192,150
00734.jpg,302,167,5.16.1,19,19,46,57
00735.jpg,275,183,5.16.2,160,38,205,82
00736.jpg,301,167,5.16.1,123,52,176,123
00737.jpg,284,177,3.2,152,10,199,57
00738.jpg,226,223,5.16.2,52,31,164,155
00739.jpg,366,137,3.3,303,10,345,53
00740.jpg,266,190,3.1,64,5,188,128
00741.jpg,800,536,3.1,211,140,514,426
00742.jpg,1080,1307,3.2,559,272,723,439
00743.jpg,1024,684,3.1,668,115,730,286
00743.jpg,1024,684,3.18.1,406,271,583,543
00744.jpg,1080,654,3.18.2,966,40,1078,152
00745.jpg,1024,570,3.18.2,750,169,839,261
00746.jpg,1024,695,3.24.1,175,181,428,407
00747.jpg,1024,693,3.24.1,801,168,987,342
00748.jpg,1024,645,3.24.1,193,112,412,310
00749.jpg,887,699,3.27,233,85,596,392
00750.jpg,793,702,3.27,225,49,609,440
00751.jpg,1200,800,4.2.1,358,379,499,517
00752.jpg,1357,709,3.18.2,576,147,784,355
00753.jpg,1200,800,3.18.2,517,286,735,502
00754.jpg,1200,657,3.18.2,880,96,962,171
00755.jpg,1200,672,3.2,517,24,908,415
00756.jpg,530,311,4.6.1,226,136,320,230
00757.jpg,612,461,3.27,179,12,419,257
00758.jpeg,600,400,3.20.1,259,139,323,207
00759.jpg,439,279,4.5.1,37,34,85,83
00760.jpg,995,518,3.20.1,805,37,917,145
00761.jpg,600,400,3.1,151,58,484,325
00762.jpg,1000,1000,4.6.2,366,90,658,369
00763.jpg,512,384,5.6,431,206,499,271
00764.jpg,700,467,3.9,126,29,278,184
00765.jpg,427,285,4.3,311,143,370,200
00765.jpg,427,285,5.16.2,292,144,324,176
00766.jpg,3000,1993,5.16.2,859,1230,1127,1558
00766.jpg,3000,1993,4.3,845,903,1136,1221
00767.jpg,3000,1993,4.3,832,885,1104,1221
00767.jpg,3000,1993,5.16.2,836,1230,1109,1567
00768.jpg,640,386,4.3,444,253,535,330
00769.jpg,800,507,4.3,535,318,620,393
00770.jpg,733,624,4.3,220,390,381,567
00771.jpg,330,247,5.16.2,120,15,212,108
00772.jpg,870,575,5.16.2,356,221,576,454
00773.jpg,670,503,4.5.1,390,1,471,72
00774.jpg,1280,720,3.18.1,501,338,626,559
00774.jpg,1280,720,3.1,28,372,167,520
00775.jpg,1280,720,3.18.2,1032,188,1161,336
00776.jpg,1280,720,4.1.4,278,355,623,699
00777.jpg,1280,720,4.3,1078,209,1182,307
00778.jpg,1280,720,4.3,836,59,1161,386
00779.jpg,1280,720,3.3,888,9,1063,182
00780.jpg,700,525,5.5,422,94,540,195
00781.jpg,800,533,4.1.2,583,185,621,223
00781.jpg,800,533,5.16.2,583,230,623,269
00781.jpg,800,533,5.16.1,168,273,193,298
00782.jpg,300,180,4.1.2,241,59,262,84
00783.jpg,745,414,4.3,251,203,486,410
00784.jpeg,400,300,3.20.1,214,52,313,150
00785.jpg,660,430,5.5,575,90,617,132
00785.jpg,660,430,3.27,581,49,620,89
00786.jpg,1024,576,5.7.1,810,164,946,219
00786.jpg,1024,576,5.5,565,219,615,269
00787.jpg,1024,576,5.5,563,219,615,269
00787.jpg,1024,576,5.7.1,813,170,946,219
00788.jpg,1024,576,5.7.1,695,220,775,248
00788.jpg,1024,576,5.16.2,713,340,759,386
00789.jpg,1024,576,5.7.1,695,132,792,167
00789.jpg,1024,576,5.6,715,258,783,325
00790.jpg,1024,576,5.6,709,122,793,220
00790.jpg,1024,576,5.16.1,184,175,225,213
00791.jpg,1024,576,5.5,651,275,683,311
00792.jpg,1024,576,5.6,793,198,833,242
00792.jpg,1024,576,5.16.2,821,90,863,134
00792.jpg,1024,576,5.16.1,250,211,283,243
00793.jpg,1024,576,5.5,933,126,974,175
00794.jpg,600,400,3.24.1,269,140,375,252
00795.jpg,1024,576,3.24.1,848,220,927,299
00796.jpg,1024,576,3.24.1,884,167,968,245
00797.jpg,800,445,3.27,347,57,516,202
00798.jpg,600,402,3.27,145,37,460,353
00799.jpg,872,582,5.16.1,103,47,212,173
00800.jpg,473,590,3.9,45,19,432,397
00801.jpg,560,420,3.24.1,316,182,434,293
00802.jpg,600,450,5.16.2,255,98,343,187
00803.jpg,1000,667,3.10,43,57,458,497
00804.jpg,512,341,4.6.1,112,26,404,321
00805.jpg,200,149,4.6.1,52,20,96,72
00805.jpg,200,149,5.16.1,21,61,68,129
00806.jpg,504,336,3.9,227,27,430,223
00807.jpg,1200,560,3.18.1,703,211,851,352
00808.jpg,1024,683,3.27,236,114,727,592
00809.jpg,1024,576,3.28,284,54,750,487
00810.jpg,671,497,5.5,349,34,572,255
00811.jpg,1024,576,4.3,922,258,974,304
00812.jpg,660,430,4.2.1,116,200,138,222
00813.jpg,1000,614,4.6.1,357,71,727,416
00814.jpg,745,559,3.1,407,95,726,417
00815.jpg,1000,667,3.24.1,251,197,325,269
00816.jpg,740,555,3.19,384,41,445,99
00817.jpg,650,444,3.19,270,137,327,192
00818.jpg,650,427,5.16.1,162,169,302,311
00819.jpg,1024,640,4.3,701,316,845,437
00820.jpg,1500,755,3.1,1038,67,1438,405
00821.jpg,626,414,3.20.1,343,55,444,156
00822.jpg,505,502,3.10,236,179,298,241
00823.jpg,600,345,3.20.1,214,52,357,194
00824.jpg,635,424,3.24.1,369,15,529,165
00825.jpg,1200,675,4.1.2,781,205,837,261
00826.jpg,1024,576,4.3,760,364,886,476
00826.jpg,1024,576,5.16.2,771,146,881,249
00827.jpg,789,779,4.6.1,47,385,389,723
00827.jpg,789,779,4.6.1,563,475,724,637
00828.jpg,1200,900,5.16.1,514,404,944,788
00828.jpg,1200,900,5.5,524,43,871,320
00829.jpg,1200,900,5.16.2,535,76,833,397
00829.jpg,1200,900,5.6,546,465,885,797
00830.jpg,1011,515,5.7.2,823,30,963,83
00831.jpg,840,566,5.15,307,12,476,191
00832.jpg,1200,789,3.3,405,171,794,559
00833.jpg,360,253,3.27,133,55,227,150
00834.jpg,840,513,3.28,404,94,650,302
00835.jpg,840,543,3.3,625,85,730,183
00836.jpg,1920,1449,5.16.2,940,329,1134,520
00837.jpg,1920,1142,5.7.1,425,169,688,277
00838.jpg,1024,767,3.3,546,94,692,238
00839.jpg,1024,767,3.18.1,771,58,869,147
00840.jpg,1024,767,3.2,793,135,934,287
00840.jpg,1024,767,3.24.1,796,297,936,449
00841.jpg,300,225,3.28,185,34,247,101
00842.jpg,850,317,4.1.4,762,57,843,138
00843.jpg,850,317,5.5,757,10,841,94
00843.jpg,850,317,5.16.2,561,13,619,71
00843.jpg,850,317,5.16.1,99,24,147,73
00844.jpg,850,317,5.7.2,517,10,636,42
00845.jpg,626,437,4.3,68,131,278,332
00846.jpg,250,326,5.15,59,31,185,173
00847.jpg,512,358,3.9,395,59,435,96
00848.jpg,512,300,3.27,160,50,350,231
00849.jpg,512,288,3.27,68,1,266,184
00850.jpg,512,384,3.27,222,94,269,136
00851.jpg,512,384,4.1.1,220,145,258,182
00852.jpg,512,342,4.1.1,294,51,331,90
00853.jpg,512,384,4.1.2,282,170,316,202
00854.jpg,450,340,4.1.3,348,43,418,112
00855.jpg,512,384,4.2.2,228,142,271,187
00856.jpg,500,375,4.3,182,238,282,336
00857.jpg,440,512,4.3,325,135,394,201
00858.jpg,300,300,3.9,103,8,174,97
00859.jpg,512,319,4.3,409,67,457,115
00860.jpg,512,341,4.3,399,41,445,87
00861.jpg,512,393,4.6.1,126,147,157,179
00861.jpg,512,393,4.5.1,383,130,425,175
00862.jpg,512,342,4.5.1,372,35,412,73
00862.jpg,512,342,3.27,97,17,122,42
00863.jpg,512,384,3.27,227,138,269,176
00863.jpg,512,384,3.27,102,171,115,185
00863.jpg,512,384,5.5,229,93,270,132
00864.jpg,512,288,5.16.2,365,140,451,216
00864.jpg,512,288,5.12.1,363,44,438,137
00865.jpg,512,288,5.12.1,198,1,254,92
00866.jpg,512,331,5.15,263,2,340,90
00867.jpg,500,500,5.16.2,98,100,398,398
00868.jpg,512,382,3.9,326,24,498,187
00869.jpg,500,512,3.18.1,170,64,268,163
00870.jpg,512,384,3.18.2,269,123,299,152
00871.jpg,512,342,3.18.2,388,74,441,121
00872.jpg,500,191,3.19,442,25,487,68
00872.jpg,500,191,3.1,8,23,35,69
00873.jpg,512,345,3.20.1,377,135,441,193
00874.jpg,512,357,3.24.1,289,114,384,208
00875.jpg,512,332,3.27,347,63,388,103
00875.jpg,512,332,3.2,347,16,391,56
00876.jpg,650,352,3.2,365,3,524,154
00877.jpg,700,467,3.9,395,58,490,156
00878.jpg,700,466,3.9,498,176,560,238
00878.jpg,700,466,3.2,497,108,561,167
00879.jpg,671,460,4.5.1,81,28,590,442
00880.jpg,1200,675,3.9,915,145,1151,373
00881.jpg,414,330,3.1,216,12,236,32
00882.jpg,350,270,3.1,238,30,282,72
00883.jpg,480,480,3.2,137,25,281,164
00884.jpg,400,266,3.9,185,56,291,165
00885.jpg,400,225,4.2.2,99,40,220,152
00886.jpg,700,393,3.1,51,49,282,275
00886.jpg,700,393,3.2,396,40,646,274
00887.png,700,525,3.2,273,155,321,205
00887.png,700,525,5.16.2,607,117,677,186
00888.jpg,400,200,5.16.2,100,27,116,43
00888.jpg,400,200,3.1,101,49,115,63
00888.jpg,400,200,4.2.1,130,72,147,90
00889.jpg,1200,900,3.24.1,715,293,806,374
00889.jpg,1200,900,3.27,799,286,867,361
00889.jpg,1200,900,3.10,712,386,806,470
00890.jpg,737,400,5.16.2,77,11,468,400
00891.jpg,600,224,5.15,484,28,537,77
00892.jpg,1000,667,5.6,557,53,619,114
00892.jpg,1000,667,5.7.1,852,211,933,239
00892.jpg,1000,667,5.16.2,901,299,948,347
00893.jpg,660,330,5.6,463,70,531,136
00894.jpg,770,562,3.24.1,446,58,679,300
00895.jpg,840,560,3.19,212,162,426,403
00896.jpeg,800,400,3.18.1,442,115,479,151
00897.jpg,800,400,3.18.2,473,134,523,182
00898.jpg,480,304,3.18.1,325,113,363,148
00899.jpg,600,326,4.2.1,342,122,372,153
00899.jpg,600,326,3.1,341,73,373,104
00900.jpg,490,414,3.2,169,59,311,240
00901.jpeg,800,400,4.1.1,589,166,633,212
00901.jpeg,800,400,5.6,389,189,409,210
00902.jpeg,800,400,4.1.3,303,128,350,197
00902.jpeg,800,400,3.1,264,35,363,125
00903.jpeg,800,400,4.1.4,694,149,739,191
00904.jpg,800,400,4.1.1,441,88,517,166
00904.jpg,800,400,4.2.1,682,162,721,228
00904.jpg,800,400,4.1.1,141,88,165,112
00905.jpeg,800,400,4.6.1,127,74,165,112
00905.jpeg,800,400,5.16.1,376,84,404,115
00906.jpeg,800,400,5.5,569,153,606,188
00907.jpeg,800,400,5.7.1,502,116,570,141
00908.jpeg,800,400,5.7.2,372,110,440,132
00909.jpg,1024,768,5.15,356,68,769,421
00910.jpeg,925,617,5.12.1,303,151,638,571
00911.jpg,600,470,5.12.1,220,12,476,460
00912.jpg,610,228,4.1.2,517,26,574,86
00913.jpg,480,398,3.2,290,43,398,143
00914.jpg,700,427,3.9,331,5,687,343
00915.jpg,452,553,3.9,146,69,258,180
00916.jpg,620,309,3.19,71,12,140,79
00916.jpg,620,309,5.16.1,149,53,188,91
00917.jpg,300,225,5.5,160,51,267,156
00918.jpg,300,225,3.1,82,2,300,220
00919.jpg,745,533,3.1,457,19,623,183
00920.jpg,800,400,3.24.1,497,21,594,115
00920.jpg,800,400,3.20.1,498,122,595,214
00921.jpg,663,395,5.5,476,84,533,137
00922.jpg,663,400,5.7.1,206,38,602,170
00923.jpg,770,330,5.5,496,30,679,216
00924.jpg,1000,578,5.7.1,613,92,745,139
00925.jpg,700,466,3.27,184,36,347,197
00926.jpg,700,525,5.15,152,58,380,286
00927.jpg,870,432,5.15,495,53,621,215
00927.jpg,870,432,5.15,726,154,823,275
00928.jpg,600,284,5.16.2,535,60,593,112
00929.jpg,600,362,3.28,210,1,464,209
00930.jpg,700,525,3.28,285,25,422,177
00931.jpg,448,558,4.5.1,63,59,347,471
00932.jpg,600,392,3.20.1,323,58,389,124
00933.jpg,268,188,3.18.1,135,47,157,66
00934.jpg,259,194,3.20.1,14,27,146,165
00935.jpg,275,183,3.27,99,9,233,156
00936.jpg,288,175,4.2.1,72,3,103,31
00937.jpg,289,174,5.5,105,48,210,137
00938.jpg,321,157,5.15,258,55,287,83
00939.jpg,275,183,4.2.1,133,19,175,59
00939.jpg,275,183,3.1,89,18,129,59
00940.jpg,1600,1149,4.5.1,792,414,1371,861
00941.jpg,1600,1149,4.5.1,535,190,1294,899
00942.jpg,1300,831,3.10,446,258,860,666
00943.jpg,1600,989,3.2,356,129,630,395
00944.jpg,730,332,3.10,221,23,467,293
00945.jpg,730,411,3.28,270,56,522,307
00946.jpg,600,900,3.20.1,275,191,408,351
00947.jpg,750,576,5.16.1,240,119,541,399
